{
  "levels": [
    { "level": 1, "difficulty": "veryeasy", "category": "cleaning_supplies" },
    { "level": 2, "difficulty": "veryeasy", "category": "sci_fi_terms" },
    { "level": 3, "difficulty": "veryeasy", "category": "drinks" },
    { "level": 4, "difficulty": "veryeasy", "category": "art_movements" },
    { "level": 5, "difficulty": "veryeasy", "category": "geographical_terms" },
    { "level": 6, "difficulty": "easy", "category": "fruits" },
    { "level": 7, "difficulty": "easy", "category": "vegetables" },
    { "level": 8, "difficulty": "easy", "category": "landforms" },
    { "level": 9, "difficulty": "easy", "category": "wearable" },
    { "level": 10, "difficulty": "easy", "category": "mythical_creatures" },
    { "level": 11, "difficulty": "easy", "category": "rappers" },
    { "level": 12, "difficulty": "easy", "category": "dog_breeds" },
    { "level": 13, "difficulty": "easy", "category": "economics_terms" },
    { "level": 14, "difficulty": "easy", "category": "furniture" },
    { "level": 15, "difficulty": "easy", "category": "game_characters" },
    { "level": 16, "difficulty": "normal", "category": "metal_types" },
    { "level": 17, "difficulty": "normal", "category": "games" },
    { "level": 18, "difficulty": "normal", "category": "cleaning_supplies" },
    { "level": 19, "difficulty": "normal", "category": "pets" },
    { "level": 20, "difficulty": "normal", "category": "musical_instruments" },
    { "level": 21, "difficulty": "normal", "category": "natural_phenomena" },
    { "level": 22, "difficulty": "normal", "category": "greek_gods" },
    { "level": 23, "difficulty": "normal", "category": "music_terms" },
    { "level": 24, "difficulty": "normal", "category": "sports" },
    { "level": 25, "difficulty": "hard", "category": "fantasy_spells" },
    { "level": 26, "difficulty": "normal", "category": "superheroes" },
    { "level": 27, "difficulty": "normal", "category": "legal_terms" },
    { "level": 28, "difficulty": "normal", "category": "tools" },
    { "level": 29, "difficulty": "normal", "category": "equipment" },
    { "level": 30, "difficulty": "normal", "category": "singers" },
    { "level": 31, "difficulty": "normal", "category": "capitals" },
    { "level": 32, "difficulty": "normal", "category": "fantasy_races" },
    { "level": 33, "difficulty": "normal", "category": "cat_breeds" },
    { "level": 34, "difficulty": "normal", "category": "book_genres" },
    { "level": 35, "difficulty": "veryhard", "category": "physics_terms" },
    { "level": 36, "difficulty": "normal", "category": "electronics" },
    { "level": 37, "difficulty": "normal", "category": "branches_of_science" },
    { "level": 38, "difficulty": "normal", "category": "historical_figures" },
    { "level": 39, "difficulty": "normal", "category": "football_terms" },
    { "level": 40, "difficulty": "normal", "category": "famous_inventions" },
    { "level": 41, "difficulty": "normal", "category": "supernatural_abilities" },
    { "level": 42, "difficulty": "normal", "category": "accessories" },
    { "level": 43, "difficulty": "normal", "category": "furniture" },
    { "level": 44, "difficulty": "normal", "category": "famous_cities" },
    { "level": 45, "difficulty": "veryhard", "category": "athletes" },
    { "level": 46, "difficulty": "normal", "category": "game_characters" },
    { "level": 47, "difficulty": "normal", "category": "rappers" },
    { "level": 48, "difficulty": "normal", "category": "wearable" },
    { "level": 49, "difficulty": "normal", "category": "physics_terms" },
    { "level": 50, "difficulty": "veryhard", "category": "philosophical_terms" },
    { "level": 51, "difficulty": "hard", "category": "space_terms" },
    { "level": 52, "difficulty": "hard", "category": "events" },
    { "level": 53, "difficulty": "hard", "category": "world_cuisines" },
    { "level": 54, "difficulty": "hard", "category": "construction_terms" },
    { "level": 55, "difficulty": "hard", "category": "hobbies" },
    { "level": 56, "difficulty": "normal", "category": "fruits" },
    { "level": 57, "difficulty": "hard", "category": "astrology_terms" },
    { "level": 58, "difficulty": "hard", "category": "footballers" },
    { "level": 59, "difficulty": "hard", "category": "marine_life" },
    { "level": 60, "difficulty": "hard", "category": "medical_terms" },
    { "level": 61, "difficulty": "hard", "category": "famous_cities" },
    { "level": 62, "difficulty": "normal", "category": "tech_terms" },
    { "level": 63, "difficulty": "hard", "category": "cleaning_supplies" },
    { "level": 64, "difficulty": "hard", "category": "mythical_creatures" },
    { "level": 65, "difficulty": "hard", "category": "natural_phenomena" },
    { "level": 66, "difficulty": "hard", "category": "human_body" },
    { "level": 67, "difficulty": "hard", "category": "colors" },
    { "level": 68, "difficulty": "normal", "category": "sci_fi_terms" },
    { "level": 69, "difficulty": "hard", "category": "languages" },
    { "level": 70, "difficulty": "hard", "category": "greek_gods" },
    { "level": 71, "difficulty": "hard", "category": "superheroes" },
    { "level": 72, "difficulty": "hard", "category": "countries" },
    { "level": 73, "difficulty": "hard", "category": "mathematical_terms" },
    { "level": 74, "difficulty": "hard", "category": "travel_terms" },
    { "level": 75, "difficulty": "hard", "category": "metal_types" },
    { "level": 76, "difficulty": "hard", "category": "professions" },
    { "level": 77, "difficulty": "hard", "category": "game_characters" },
    { "level": 78, "difficulty": "hard", "category": "pets" },
    { "level": 79, "difficulty": "hard", "category": "sci_fi_terms" },
    { "level": 80, "difficulty": "veryhard", "category": "vehicles" },
    { "level": 81, "difficulty": "hard", "category": "accessories" },
    { "level": 82, "difficulty": "hard", "category": "items" },
    { "level": 83, "difficulty": "hard", "category": "football_teams" },
    { "level": 84, "difficulty": "hard", "category": "wearable" },
    { "level": 85, "difficulty": "veryhard", "category": "singers" },
    { "level": 86, "difficulty": "hard", "category": "equipment" },
    { "level": 87, "difficulty": "hard", "category": "music_terms" },
    { "level": 88, "difficulty": "hard", "category": "geographical_terms" },
    { "level": 89, "difficulty": "hard", "category": "athletes" },
    { "level": 90, "difficulty": "veryhard", "category": "male_names" },
    { "level": 91, "difficulty": "hard", "category": "cat_names" },
    { "level": 92, "difficulty": "hard", "category": "furniture" },
    { "level": 93, "difficulty": "hard", "category": "historical_figures" },
    { "level": 94, "difficulty": "hard", "category": "tools" },
    { "level": 95, "difficulty": "veryhard", "category": "famous_cities" },
    { "level": 96, "difficulty": "hard", "category": "capitals" },
    { "level": 97, "difficulty": "hard", "category": "fruits" },
    { "level": 98, "difficulty": "hard", "category": "rappers" },
    { "level": 99, "difficulty": "hard", "category": "fantasy_races" },
    { "level": 100, "difficulty": "veryhard", "category": "metal_types" },
    { "level": 101, "difficulty": "normal", "category": "economics_terms" },
    { "level": 102, "difficulty": "hard", "category": "animals" },
    { "level": 103, "difficulty": "normal", "category": "landforms" },
    { "level": 104, "difficulty": "hard", "category": "cultural_foods" },
    { "level": 105, "difficulty": "veryhard", "category": "dog_breeds" },
    { "level": 106, "difficulty": "hard", "category": "female_names" },
    { "level": 107, "difficulty": "hard", "category": "philosophical_terms" },
    { "level": 108, "difficulty": "hard", "category": "branches_of_science" },
    { "level": 109, "difficulty": "hard", "category": "drinks" },
    { "level": 110, "difficulty": "hard", "category": "sports" },
    { "level": 111, "difficulty": "hard", "category": "fantasy_spells" },
    { "level": 112, "difficulty": "hard", "category": "vehicles" },
    { "level": 113, "difficulty": "hard", "category": "book_genres" },
    { "level": 114, "difficulty": "hard", "category": "games" },
    { "level": 115, "difficulty": "veryhard", "category": "natural_phenomena" },
    { "level": 116, "difficulty": "veryhard", "category": "vegetables" },
    { "level": 117, "difficulty": "veryhard", "category": "medical_terms" },
    { "level": 118, "difficulty": "veryhard", "category": "colors" },
    { "level": 119, "difficulty": "hard", "category": "tech_terms" },
    { "level": 120, "difficulty": "normal", "category": "mythical_creatures" },
    { "level": 121, "difficulty": "veryhard", "category": "cat_breeds" },
    { "level": 122, "difficulty": "veryhard", "category": "colors" },
    { "level": 123, "difficulty": "veryhard", "category": "countries" },
    { "level": 124, "difficulty": "veryhard", "category": "edibles" },
    { "level": 125, "difficulty": "veryhard", "category": "football_teams" },
    { "level": 126, "difficulty": "veryhard", "category": "pets" },
    { "level": 127, "difficulty": "veryhard", "category": "professions" },
    { "level": 128, "difficulty": "veryhard", "category": "animals" },
    { "level": 129, "difficulty": "veryhard", "category": "space_terms" },
    { "level": 130, "difficulty": "hard", "category": "physics_terms" },
    { "level": 131, "difficulty": "hard", "category": "electronics" },
    { "level": 132, "difficulty": "hard", "category": "art_movements" },
    { "level": 133, "difficulty": "hard", "category": "edibles" },
    { "level": 134, "difficulty": "veryhard", "category": "cultural_foods" },
    { "level": 135, "difficulty": "veryhard", "category": "stone_types" },
    { "level": 136, "difficulty": "veryhard", "category": "items" },
    { "level": 137, "difficulty": "veryhard", "category": "human_body" },
    { "level": 138, "difficulty": "veryhard", "category": "astrology_terms" },
    { "level": 139, "difficulty": "veryhard", "category": "geographical_terms" },
    { "level": 140, "difficulty": "veryhard", "category": "superheroes" },
    { "level": 141, "difficulty": "veryhard", "category": "historical_figures" },
    { "level": 142, "difficulty": "normal", "category": "drinks" },
    { "level": 143, "difficulty": "hard", "category": "supernatural_abilities" },
    { "level": 144, "difficulty": "hard", "category": "plants" },
    { "level": 145, "difficulty": "hard", "category": "garden_plants" },
    { "level": 146, "difficulty": "hard", "category": "freshwater_bodies" },
    { "level": 147, "difficulty": "hard", "category": "minerals" },
    { "level": 148, "difficulty": "hard", "category": "gardening_tools" },
    { "level": 149, "difficulty": "hard", "category": "landforms" },
    { "level": 150, "difficulty": "veryhard", "category": "footballers" },
    { "level": 151, "difficulty": "hard", "category": "musical_instruments" },
    { "level": 152, "difficulty": "hard", "category": "football_terms" },
    { "level": 153, "difficulty": "hard", "category": "environmental_elements" },
    { "level": 154, "difficulty": "hard", "category": "desserts" },
    { "level": 155, "difficulty": "veryhard", "category": "greek_gods" },
    { "level": 156, "difficulty": "hard", "category": "family_relations" },
    { "level": 157, "difficulty": "hard", "category": "vehicle_parts" },
    { "level": 158, "difficulty": "hard", "category": "vegetables" },
    { "level": 159, "difficulty": "hard", "category": "office_supplies" },
    { "level": 160, "difficulty": "veryhard", "category": "tools" },
    { "level": 161, "difficulty": "veryhard", "category": "freshwater_bodies" },
    { "level": 162, "difficulty": "hard", "category": "stone_types" },
    { "level": 163, "difficulty": "hard", "category": "famous_inventions" },
    { "level": 164, "difficulty": "hard", "category": "singers" },
    { "level": 165, "difficulty": "veryhard", "category": "equipment" },
    { "level": 166, "difficulty": "veryhard", "category": "supernatural_abilities" },
    { "level": 167, "difficulty": "veryhard", "category": "economics_terms" },
    { "level": 168, "difficulty": "veryhard", "category": "plants" },
    { "level": 169, "difficulty": "veryhard", "category": "world_cuisines" },
    { "level": 170, "difficulty": "veryhard", "category": "mathematical_terms" },
    { "level": 171, "difficulty": "veryhard", "category": "tech_terms" },
    { "level": 172, "difficulty": "veryhard", "category": "game_characters" },
    { "level": 173, "difficulty": "veryhard", "category": "branches_of_science" },
    { "level": 174, "difficulty": "veryhard", "category": "mythical_creatures" },
    { "level": 175, "difficulty": "veryhard", "category": "hobbies" },
    { "level": 176, "difficulty": "veryhard", "category": "games" },
    { "level": 177, "difficulty": "veryhard", "category": "legal_terms" },
    { "level": 178, "difficulty": "veryhard", "category": "book_genres" },
    { "level": 179, "difficulty": "veryhard", "category": "fantasy_spells" },
    { "level": 180, "difficulty": "veryhard", "category": "landforms" },
    { "level": 181, "difficulty": "veryhard", "category": "marine_life" },
    { "level": 182, "difficulty": "veryhard", "category": "construction_terms" },
    { "level": 183, "difficulty": "hard", "category": "cat_breeds" },
    { "level": 184, "difficulty": "normal", "category": "art_movements" },
    { "level": 185, "difficulty": "veryhard", "category": "sports" },
    { "level": 186, "difficulty": "veryhard", "category": "capitals" },
    { "level": 187, "difficulty": "veryhard", "category": "events" },
    { "level": 188, "difficulty": "veryhard", "category": "football_terms" },
    { "level": 189, "difficulty": "veryhard", "category": "electronics" },
    { "level": 190, "difficulty": "hard", "category": "economics_terms" },
    { "level": 191, "difficulty": "veryhard", "category": "legal_terms" },
    { "level": 192, "difficulty": "veryhard", "category": "musical_instruments" },
    { "level": 193, "difficulty": "veryhard", "category": "wearable" },
    { "level": 194, "difficulty": "veryhard", "category": "furniture" },
    { "level": 195, "difficulty": "hard", "category": "accessories" },
    { "level": 196, "difficulty": "veryhard", "category": "music_terms" },
    { "level": 197, "difficulty": "veryhard", "category": "fantasy_races" },
    { "level": 198, "difficulty": "veryhard", "category": "famous_inventions" },
    { "level": 199, "difficulty": "veryhard", "category": "languages" },
    { "level": 200, "difficulty": "veryhard", "category": "travel_terms" }
  ]
}
