{
  "en": {
    "Ready": "Ready",
    "Claim": "Claim",
    "Collect": "Collect",
    "Areas": "Areas",
    "Collection": "Collection",
    "Home": "Home",
    "Lucky Spin": "Lucky Spin",
    "Reward": "Reward",
    "Rewards": "Rewards",
    "Puzzles": "Puzzles",
    "Area": "Area",
    "Level": "Level",
    "Herbology Classroom": "Herbology Classroom",
    "Library": "Library",
    "The Headmaster's Office": "The Headmaster's Office",
    "Castle Garden": "Castle Garden",
    "Puzzle": "Puzzle",
    "Here is your gift!": "Here is your gift!",
    "Tap to continue": "Tap to continue",
	"Well Done!": "Well Done!",
	"Continue": "Continue",
	"Not enough": "Not enough",
	"Level Failed!": "Level Failed!",
	"New Area!": "New Area!",
	"Do It": "Do It ",
	"Battle": "Battle",
	"Tap to collect.": "Tap to collect.",
	"Open packages and get random gifts.": "Open packages and get random gifts.",
	"Next Battle": "Next Battle",
	"Abilities": "Abilities",
	
	 "Hit": "Hit",
  "Attack": "Attack",
	
	 "Blackjack Mastery": "Blackjack Mastery",
    "Your Blackjack deals 50 damage instead of 40.": "Your Blackjack deals 50 damage instead of 40.",
    "Lucky Recovery": "Lucky Recovery",
    "When you play 16 or 17, restore +5 health.": "When you play 16 or 17, restore +5 health.",
    "Vengeful Damage": "Vengeful Damage",
    "Chance to reflect damage back to the opponent. %20": "Chance to reflect damage back to the opponent. %20",
    "Damage Absorption": "Damage Absorption",
    "Chance to absorb incoming damage. %20": "Chance to absorb incoming damage. %20",
    "Anger": "Anger",
    "Increase damage by 5 when playing 15, 16 or 17.": "Increase damage by 5 when playing 15, 16 or 17.",
    "Vital Boost": "Vital Boost",
    "Increase health by 5 when playing 19,20.": "Increase health by 5 when playing 19,20.",
    "Dodge": "Dodge",
    "If you take 18 or less damage, you have a 50% chance to block all damage.": "If you take 18 or less damage, you have a 50% chance to block all damage.",
    "Critical Strike": "Critical Strike",
    "Chance to deal double damage. %20": "Chance to deal double damage. %20",
    "Reckless Assault": "Reckless Assault",
    "Take 2 damage to deal extra 3 damage.": "Take 2 damage to deal extra 3 damage.",
	
	 "Welcome! Are you ready to become a fearless pirate?": "Welcome! Are you ready to become a fearless pirate?",
    "Now, let me explain some of the things you can do.": "Now, let me explain some of the things you can do.",
    "Join tournaments and defeat your opponents. The one with the most trophies calls the shots!": "Join tournaments and defeat your opponents. The one with the most trophies calls the shots!",
    "You will constantly receive random tasks. Complete the tasks and earn rewards by finding the specified cards.": "You will constantly receive random tasks. Complete the tasks and earn rewards by finding the specified cards.",
    "You earn 2 stars for completing each level. Collect all the stars to unlock rewards.": "You earn 2 stars for completing each level. Collect all the stars to unlock rewards.",
    "Collect your rewards at regular intervals!": "Collect your rewards at regular intervals!",
    "Solve the fun puzzles. They help you earn rewards.": "Solve the fun puzzles. They help you earn rewards.",
    "Don't forget the wheel with amazing rewards!": "Don't forget the wheel with amazing rewards!",
    "You can check the current standings in the tournament and the overall rankings.": "You can check the current standings in the tournament and the overall rankings.",
    "At the end of each level, you have a chance to win cards. Complete collections with these cards and earn rewards.": "At the end of each level, you have a chance to win cards. Complete collections with these cards and earn rewards.",
    "Let's play the first battle!": "Let's play the first battle!",
	
	 "When it's your turn, you must draw a card. If you exceed 21, you cannot attack. If you hit 21, your damage is doubled!": "When it's your turn, you must draw a card. If you exceed 21, you cannot attack. If you hit 21, your damage is doubled!"
 
	

  
  
  },
  "tr": {
    "Ready": "Hazır",
    "Claim": "Ödülü Al",
    "Collect": "Topla",
    "Areas": "Alanlar",
    "Collection": "Koleksiyon",
    "Home": "Ana Ekran",
    "Lucky Spin": "Şanslı Spin",
    "Reward": "Ödül",
    "Rewards": "Ödüller",
    "Puzzles": "Bulmaca",
    "Area": "Alan",
    "Level": "Seviye",
    "Herbology Classroom": "Bitkibilim Sınıfı",
    "Library": "Kütüphane",
    "The Headmaster's Office": "Profesörün Çalışma Odası",
    "Castle Garden": "Okul Bahçesi",
    "Puzzle": "Bulmaca",
    "Here is your gift!": "İşte ödülün!",
    "Tap to continue": "Devam etmek için dokun",
	"Open packages and get random gifts.": "Paketleri aç ve rastgele hediyeler kazan.",
	"Well Done!": "İyi İş!",
	"Continue": "Devam Et",
	"Not enough": "Yeterli değil",
	"Level Failed!": "Seviye Başarısız!",
	"New Area!": "Yeni Bölge!",
	"Do It": "Yap ",
	"Tap to collect.": "Almak için dokun.",
	"Battle": "Savaş",
	"Next Battle": "Sonraki Savaş",
	"Abilities": "Yetenekler",
	
  "Hit": "Kart",
  "Attack": "Saldır",
	
	
	"Blackjack Mastery": "Blackjack Ustası",
    "Your Blackjack deals 50 damage instead of 40.": "Blackjack'in 40 yerine 50 hasar verir.",
    "Lucky Recovery": "Şanslı İyileşme",
    "When you play 16 or 17, restore +5 health.": "16 veya 17 oynadığınızda, +5 sağlık geri kazanın.",
    "Vengeful Damage": "İntikamcı Hasar",
    "Chance to reflect damage back to the opponent. %20": "Hasarı rakibe geri yansıtma şansı. %20",
    "Damage Absorption": "Hasar Emici",
    "Chance to absorb incoming damage. %20": "Gelen hasarı emme şansı. %20",
    "Anger": "Öfke",
    "Increase damage by 5 when playing 15, 16 or 17.": "15, 16 veya 17 oynadığınızda hasarı 5 artırır.",
    "Vital Boost": "Hayati Artış",
    "Increase health by 5 when playing 19,20.": "19 veya 20 oynadığınızda sağlığı 5 artırır.",
    "Dodge": "Kaçınma",
    "If you take 18 or less damage, you have a 50% chance to block all damage.": "18 veya daha az hasar alırsanız, tüm hasarı engelleme şansınız %20.",
    "Critical Strike": "Kritik Vuruş",
    "Chance to deal double damage. %20": "Çift hasar verme şansı. %20",
    "Reckless Assault": "Düşüncesiz Saldırı",
    "Take 2 damage to deal extra 3 damage.": "Ekstra 3 hasar vermek için 2 hasar alırsınız.",
	
	
	
	
	 "Welcome! Are you ready to become a fearless pirate?": "Hoşgeldin! Korkusuz bir korsan olmak için hazır mısın?",
    "Now, let me explain some of the things you can do.": "Şimdi, yapabileceğin bazı şeyleri açıklayayım.",
    "Join tournaments and defeat your opponents. The one with the most trophies calls the shots!": "Turnuvalara katılıp rakiplerini yenmelisin. En çok kupaya sahip olanın dediği olur!",
    "You will constantly receive random tasks. Complete the tasks and earn rewards by finding the specified cards.": "Sürekli olarak rastgele görevler alacaksın. Görevleri tamamla ve belirtilen kartları bularak ödüller kazan.",
    "You earn 2 stars for completing each level. Collect all the stars to unlock rewards.": "Her seviyeyi tamamladığında 2 yıldız kazanırsın. Tüm yıldızları toplayarak ödüllerin kilidini aç.",
    "Collect your rewards at regular intervals!": "Ödüllerini düzenli aralıklarla topla!",
    "Solve the fun puzzles. They help you earn rewards.": "Eğlenceli bulmacaları çöz. Bunlar sana ödül kazandırır.",
    "Don't forget the wheel with amazing rewards!": "Muhteşem ödüller içeren çarkı unutma!",
    "You can check the current standings in the tournament and the overall rankings.": "Turnuvadaki son durumu ve genel sıralamayı kontrol edebilirsin.",
    "At the end of each level, you have a chance to win cards. Complete collections with these cards and earn rewards.": "Her seviyenin sonunda kart kazanma şansın var. Bu kartlarla koleksiyonları tamamla ve ödüller kazan.",
    "Let's play the first battle!": "Hadi ilk savaşı oynayalım!",
	
	
	  "When it's your turn, you must draw a card. If you exceed 21, you cannot attack. If you hit 21, your damage is doubled!": "Sıra sendeyken kart çekmelisin. Eğer 21'i geçersen atak yapamazsın. 21'i bulursan hasarını katlarsın!"
	
	
	
  },
  
  
  
  "fr": {
    "Ready": "Prêt",
    "Claim": "Réclamer",
    "Collect": "Collecter",
    "Areas": "Zones",
    "Collection": "Collection",
    "Home": "Accueil",
    "Lucky Spin": "Roulette Chanceuse",
    "Reward": "Récompense",
    "Rewards": "Récompenses",
    "Puzzles": "Puzzles",
    "Area": "Zone",
    "Level": "Niveau",
    "Herbology Classroom": "Salle de botanique",
    "Library": "Bibliothèque",
    "The Headmaster's Office": "Bureau du Directeur",
    "Castle Garden": "Jardin du Château",
    "Puzzle": "Puzzle",
    "Here is your gift!": "Voici votre cadeau !",
    "Tap to continue": "Appuyez pour continuer",
	"Open packages and get random gifts.": "Ouvre les paquets et reçois des cadeaux aléatoires.",
	"Well Done!": "Bien joué !",
	"Continue": "Continuer",
	"Not enough": "Pas assez",
	"Level Failed!": "Niveau Échoué !",
	"New Area!": "Nouvelle Zone !",
	"Do It": "Fais-le ",
	"Tap to collect.": "Touchez pour collecter.",
	"Battle": "Bataille",
	"Next Battle": "Prochaine Bataille",
	"Abilities": "Capacités",
	
	
	  "Hit": "Carte",
  "Attack": "Attaque",
  
  
	"Blackjack Mastery": "Maîtrise du Blackjack",
    "Your Blackjack deals 50 damage instead of 40.": "Votre Blackjack inflige 50 dégâts au lieu de 40.",
    "Lucky Recovery": "Récupération Chanceuse",
    "When you play 16 or 17, restore +5 health.": "Lorsque vous jouez 16 ou 17, restaurez +5 de santé.",
    "Vengeful Damage": "Dégâts Vengeurs",
    "Chance to reflect damage back to the opponent. %20": "Chance de refléter les dégâts à l'adversaire. %20",
    "Damage Absorption": "Absorption de Dégâts",
    "Chance to absorb incoming damage. %20": "Chance d'absorber les dégâts entrants. %20",
    "Anger": "Colère",
    "Increase damage by 5 when playing 15, 16 or 17.": "Augmentez les dégâts de 5 en jouant 15, 16 ou 17.",
    "Vital Boost": "Boost Vital",
    "Increase health by 5 when playing 19,20.": "Augmentez la santé de 5 en jouant 19 ou 20.",
    "Dodge": "Esquive",
    "If you take 18 or less damage, you have a 50% chance to block all damage.": "Si vous subissez 18 dégâts ou moins, vous avez 50% de chance de tout bloquer.",
    "Critical Strike": "Coup Critique",
    "Chance to deal double damage. %20": "Chance d'infliger des dégâts doublés. %20",
    "Reckless Assault": "Assaut Imprudent",
    "Take 2 damage to deal extra 3 damage.": "Subissez 2 dégâts pour infliger 3 dégâts supplémentaires.",
	
	
	 "Welcome! Are you ready to become a fearless pirate?": "Bienvenue ! Êtes-vous prêt à devenir un pirate sans peur ?",
    "Now, let me explain some of the things you can do.": "Maintenant, laissez-moi expliquer certaines choses que vous pouvez faire.",
    "Join tournaments and defeat your opponents. The one with the most trophies calls the shots!": "Participez à des tournois et battez vos adversaires. Celui qui a le plus de trophées prend les décisions !",
    "You will constantly receive random tasks. Complete the tasks and earn rewards by finding the specified cards.": "Vous recevrez constamment des tâches aléatoires. Terminez les tâches et gagnez des récompenses en trouvant les cartes spécifiées.",
    "You earn 2 stars for completing each level. Collect all the stars to unlock rewards.": "Vous gagnez 2 étoiles pour chaque niveau terminé. Collectez toutes les étoiles pour débloquer des récompenses.",
    "Collect your rewards at regular intervals!": "Collectez vos récompenses à intervalles réguliers !",
    "Solve the fun puzzles. They help you earn rewards.": "Résolvez les puzzles amusants. Ils vous aident à gagner des récompenses.",
    "Don't forget the wheel with amazing rewards!": "N'oubliez pas la roue avec des récompenses incroyables !",
    "You can check the current standings in the tournament and the overall rankings.": "Vous pouvez vérifier le classement actuel dans le tournoi et les classements généraux.",
    "At the end of each level, you have a chance to win cards. Complete collections with these cards and earn rewards.": "À la fin de chaque niveau, vous avez une chance de gagner des cartes. Complétez les collections avec ces cartes et gagnez des récompenses.",
    "Let's play the first battle!": "Jouons la première bataille !",
	
	
	 "When it's your turn, you must draw a card. If you exceed 21, you cannot attack. If you hit 21, your damage is doubled!": "Quand c'est votre tour, vous devez piocher une carte. Si vous dépassez 21, vous ne pouvez pas attaquer. Si vous atteignez 21, vos dégâts sont doublés !"
  
  
  
  
  
  
  
  
  },
  "it": {
    "Ready": "Pronto",
    "Claim": "Riscatta",
    "Collect": "Raccogli",
    "Areas": "Aree",
    "Collection": "Collezione",
    "Home": "Home",
    "Lucky Spin": "Giro Fortunato",
    "Reward": "Ricompensa",
    "Rewards": "Ricompense",
    "Puzzles": "Puzzle",
    "Area": "Area",
    "Level": "Livello",
    "Herbology Classroom": "Aula di Erbologia",
    "Library": "Biblioteca",
    "The Headmaster's Office": "Ufficio del Preside",
    "Castle Garden": "Giardino del Castello",
    "Puzzle": "Puzzle",
    "Here is your gift!": "Ecco il tuo regalo!",
    "Tap to continue": "Tocca per continuare",
	"Open packages and get random gifts.": "Apri i pacchi e ottieni regali casuali.",
	"Well Done!": "Ben fatto!",
	"Continue": "Continua",
	"Not enough": "Non abbastanza",
	"Level Failed!": "Livello Fallito!",
	"New Area!": "Nuova Area!",
	"Do It": "Fallo ",
	"Tap to collect.": "Tocca per raccogliere.",
	"Battle": "Battaglia",
	"Next Battle": "Prossima Battaglia",
	"Abilities": "Abilità",
	
	
	  "Hit": "Carta",
  "Attack": "Attacco",
	
	
	 "Blackjack Mastery": "Maestria del Blackjack",
  "Your Blackjack deals 50 damage instead of 40.": "Il tuo Blackjack infligge 50 danni invece di 40.",
  "Lucky Recovery": "Recupero Fortunato",
  "When you play 16 or 17, restore +5 health.": "Quando giochi 16 o 17, ripristina +5 salute.",
  "Vengeful Damage": "Danno Vendicativo",
  "Chance to reflect damage back to the opponent. %20": "Possibilità di riflettere il danno all'avversario. %20",
  "Damage Absorption": "Assorbimento del Danno",
  "Chance to absorb incoming damage. %20": "Possibilità di assorbire i danni in arrivo. %20",
  "Anger": "Rabbia",
  "Increase damage by 5 when playing 15, 16 or 17.": "Aumenta i danni di 5 quando giochi 15, 16 o 17.",
  "Vital Boost": "Incremento Vitale",
  "Increase health by 5 when playing 19,20.": "Aumenta la salute di 5 quando giochi 19 o 20.",
  "Dodge": "Schivata",
  "If you take 18 or less damage, you have a 50% chance to block all damage.": "Se subisci 18 o meno danni, hai il 50% di possibilità di bloccare tutti i danni.",
  "Critical Strike": "Colpo Critico",
  "Chance to deal double damage. %20": "Possibilità di infliggere danni doppi. %20",
  "Reckless Assault": "Assalto Sconsiderato",
  "Take 2 damage to deal extra 3 damage.": "Subisci 2 danni per infliggere 3 danni extra.",
  
  
  
    "Welcome! Are you ready to become a fearless pirate?": "Benvenuto! Sei pronto a diventare un pirata senza paura?",
    "Now, let me explain some of the things you can do.": "Ora, lascia che ti spieghi alcune cose che puoi fare.",
    "Join tournaments and defeat your opponents. The one with the most trophies calls the shots!": "Partecipa ai tornei e sconfiggi i tuoi avversari. Chi ha più trofei comanda!",
    "You will constantly receive random tasks. Complete the tasks and earn rewards by finding the specified cards.": "Riceverai costantemente compiti casuali. Completa i compiti e guadagna premi trovando le carte specificate.",
    "You earn 2 stars for completing each level. Collect all the stars to unlock rewards.": "Guadagni 2 stelle per completare ogni livello. Raccogli tutte le stelle per sbloccare i premi.",
    "Collect your rewards at regular intervals!": "Raccogli i tuoi premi a intervalli regolari!",
    "Solve the fun puzzles. They help you earn rewards.": "Risolvendo i divertenti puzzle, puoi guadagnare premi.",
    "Don't forget the wheel with amazing rewards!": "Non dimenticare la ruota con premi incredibili!",
    "You can check the current standings in the tournament and the overall rankings.": "Puoi controllare la classifica attuale del torneo e la classifica generale.",
    "At the end of each level, you have a chance to win cards. Complete collections with these cards and earn rewards.": "Alla fine di ogni livello, hai la possibilità di vincere carte. Completa le collezioni con queste carte e guadagna premi.",
    "Let's play the first battle!": "Giochiamo la prima battaglia!",
	
	
	 "When it's your turn, you must draw a card. If you exceed 21, you cannot attack. If you hit 21, your damage is doubled!": "Quando è il tuo turno, devi pescare una carta. Se superi 21, non puoi attaccare. Se raggiungi 21, i tuoi danni sono raddoppiati!"
	
  },
  "de": {
    "Ready": "Bereit",
    "Claim": "Einlösen",
    "Collect": "Sammeln",
    "Areas": "Bereiche",
    "Collection": "Sammlung",
    "Home": "Startseite",
    "Lucky Spin": "Glücksdrehung",
    "Reward": "Belohnung",
    "Rewards": "Belohnungen",
    "Puzzles": "Puzzles",
    "Area": "Bereich",
    "Level": "Level",
    "Herbology Classroom": "Kräuterkunde-Klassenzimmer",
    "Library": "Bibliothek",
    "The Headmaster's Office": "Büro des Schulleiters",
    "Castle Garden": "Schlossgarten",
    "Puzzle": "Puzzle",
    "Here is your gift!": "Hier ist dein Geschenk!",
    "Tap to continue": "Tippe, um fortzufahren",
	"Open packages and get random gifts.": "Öffne Pakete und erhalte zufällige Geschenke.",
	"Well Done!": "Gut gemacht!",
	"Continue": "Weiter",
	"Not enough": "Nicht genug",
	"Level Failed!": "Level Fehlgeschlagen!",
	"New Area!": "Neues Gebiet!",
	"Do It": "Mach es ",
	"Tap to collect.": "Tippen, um zu sammeln.",
	"Battle": "Schlacht",
	"Next Battle": "Nächste Schlacht",
	"Abilities": "Fähigkeiten",
	
	
	  "Hit": "Karte",
  "Attack": "Angriff",
	
	
	
	"Blackjack Mastery": "Blackjack-Meisterschaft",
  "Your Blackjack deals 50 damage instead of 40.": "Dein Blackjack verursacht 50 Schaden statt 40.",
  "Lucky Recovery": "Glückliche Erholung",
  "When you play 16 or 17, restore +5 health.": "Wenn du 16 oder 17 spielst, stelle +5 Gesundheit wieder her.",
  "Vengeful Damage": "Rachsüchtiger Schaden",
  "Chance to reflect damage back to the opponent. %20": "Chance, Schaden an den Gegner zurückzugeben. %20",
  "Damage Absorption": "Schadenabsorption",
  "Chance to absorb incoming damage. %20": "Chance, eingehenden Schaden zu absorbieren. %20",
  "Anger": "Wut",
  "Increase damage by 5 when playing 15, 16 or 17.": "Erhöhe den Schaden um 5, wenn du 15, 16 oder 17 spielst.",
  "Vital Boost": "Vitaler Schub",
  "Increase health by 5 when playing 19,20.": "Erhöhe die Gesundheit um 5, wenn du 19 oder 20 spielst.",
  "Dodge": "Ausweichen",
  "If you take 18 or less damage, you have a 50% chance to block all damage.": "Wenn du 18 oder weniger Schaden erleidest, hast du eine 50% Chance, allen Schaden zu blockieren.",
  "Critical Strike": "Kritischer Treffer",
  "Chance to deal double damage. %20": "Chance, doppelten Schaden zu verursachen. %20",
  "Reckless Assault": "Rücksichtsloser Angriff",
  "Take 2 damage to deal extra 3 damage.": "Nimm 2 Schaden, um 3 zusätzlichen Schaden zu verursachen.",
  
  
   "Welcome! Are you ready to become a fearless pirate?": "Willkommen! Bist du bereit, ein furchtloser Pirat zu werden?",
    "Now, let me explain some of the things you can do.": "Lass mich dir jetzt einige Dinge erklären, die du tun kannst.",
    "Join tournaments and defeat your opponents. The one with the most trophies calls the shots!": "Nimm an Turnieren teil und besiege deine Gegner. Derjenige mit den meisten Trophäen hat das Sagen!",
    "You will constantly receive random tasks. Complete the tasks and earn rewards by finding the specified cards.": "Du wirst ständig zufällige Aufgaben erhalten. Erledige die Aufgaben und verdiene Belohnungen, indem du die angegebenen Karten findest.",
    "You earn 2 stars for completing each level. Collect all the stars to unlock rewards.": "Du erhältst 2 Sterne für das Abschließen jedes Levels. Sammle alle Sterne, um Belohnungen freizuschalten.",
    "Collect your rewards at regular intervals!": "Sammle deine Belohnungen in regelmäßigen Abständen!",
    "Solve the fun puzzles. They help you earn rewards.": "Löse die lustigen Rätsel. Sie helfen dir, Belohnungen zu verdienen.",
    "Don't forget the wheel with amazing rewards!": "Vergiss das Rad mit den tollen Belohnungen nicht!",
    "You can check the current standings in the tournament and the overall rankings.": "Du kannst die aktuellen Platzierungen im Turnier und die Gesamtwertung einsehen.",
    "At the end of each level, you have a chance to win cards. Complete collections with these cards and earn rewards.": "Am Ende jedes Levels hast du die Chance, Karten zu gewinnen. Vervollständige Sammlungen mit diesen Karten und verdiene Belohnungen.",
    "Let's play the first battle!": "Lass uns die erste Schlacht spielen!",
	
	
"When it's your turn, you must draw a card. If you exceed 21, you cannot attack. If you hit 21, your damage is doubled!": "Wenn du an der Reihe bist, musst du eine Karte ziehen. Wenn du 21 überschreitest, kannst du nicht angreifen. Wenn du 21 erreichst, wird dein Schaden verdoppelt!"
	
	
	
  
  },
  "es": {
    "Ready": "Listo",
    "Claim": "Reclamar",
    "Collect": "Coleccionar",
    "Areas": "Áreas",
    "Collection": "Colección",
    "Home": "Inicio",
    "Lucky Spin": "Giro de la Suerte",
    "Reward": "Recompensa",
    "Rewards": "Recompensas",
    "Puzzles": "Puzles",
    "Area": "Área",
    "Level": "Nivel",
    "Herbology Classroom": "Aula de Herbología",
    "Library": "Biblioteca",
    "The Headmaster's Office": "Despacho del Director",
    "Castle Garden": "Jardín del Castillo",
    "Puzzle": "Rompecabezas",
    "Here is your gift!": "¡Aquí está tu regalo!",
    "Tap to continue": "Toca para continuar",
	"Open packages and get random gifts.": "Abre paquetes y recibe regalos aleatorios.",
	"Well Done!": "¡Bien hecho!",
	"Continue": "Continuar",
	"Not enough": "No es suficiente",
	"Level Failed!": "¡Nivel Fallido!",
	"New Area!": "¡Nueva Área!",
	"Do It": "Hazlo ",
	"Tap to collect.": "Toca para recoger.",
	"Battle": "Batalla",
	"Next Battle": "Próxima Batalla",
	"Abilities": "Habilidades",
  
  "Hit": "Carta",
  "Attack": "Ataque",
  
   "Blackjack Mastery": "Maestría en Blackjack",
  "Your Blackjack deals 50 damage instead of 40.": "Tu Blackjack inflige 50 de daño en lugar de 40.",
  "Lucky Recovery": "Recuperación Afortunada",
  "When you play 16 or 17, restore +5 health.": "Cuando juegas 16 o 17, restaura +5 de salud.",
  "Vengeful Damage": "Daño Vengativo",
  "Chance to reflect damage back to the opponent. %20": "Probabilidad de reflejar el daño al oponente. %20",
  "Damage Absorption": "Absorción de Daño",
  "Chance to absorb incoming damage. %20": "Probabilidad de absorber el daño entrante. %20",
  "Anger": "Ira",
  "Increase damage by 5 when playing 15, 16 or 17.": "Aumenta el daño en 5 al jugar 15, 16 o 17.",
  "Vital Boost": "Impulso Vital",
  "Increase health by 5 when playing 19,20.": "Aumenta la salud en 5 al jugar 19 o 20.",
  "Dodge": "Esquivar",
  "If you take 18 or less damage, you have a 50% chance to block all damage.": "Si recibes 18 o menos daño, tienes un 50% de probabilidad de bloquear todo el daño.",
  "Critical Strike": "Golpe Crítico",
  "Chance to deal double damage. %20": "Probabilidad de infligir el doble de daño. %20",
  "Reckless Assault": "Asalto Temerario",
  "Take 2 damage to deal extra 3 damage.": "Recibe 2 de daño para infligir 3 de daño extra.",
  
  
   "Welcome! Are you ready to become a fearless pirate?": "¡Bienvenido! ¿Estás listo para convertirte en un pirata intrépido?",
    "Now, let me explain some of the things you can do.": "Ahora, déjame explicarte algunas de las cosas que puedes hacer.",
    "Join tournaments and defeat your opponents. The one with the most trophies calls the shots!": "Únete a torneos y derrota a tus oponentes. ¡El que tenga más trofeos manda!",
    "You will constantly receive random tasks. Complete the tasks and earn rewards by finding the specified cards.": "Recibirás tareas aleatorias constantemente. Completa las tareas y gana recompensas encontrando las cartas especificadas.",
    "You earn 2 stars for completing each level. Collect all the stars to unlock rewards.": "Ganas 2 estrellas por completar cada nivel. ¡Reúne todas las estrellas para desbloquear recompensas!",
    "Collect your rewards at regular intervals!": "¡Recoge tus recompensas a intervalos regulares!",
    "Solve the fun puzzles. They help you earn rewards.": "Resuelve los divertidos rompecabezas. Te ayudan a ganar recompensas.",
    "Don't forget the wheel with amazing rewards!": "¡No olvides la ruleta con increíbles recompensas!",
    "You can check the current standings in the tournament and the overall rankings.": "Puedes revisar las posiciones actuales en el torneo y los rankings generales.",
    "At the end of each level, you have a chance to win cards. Complete collections with these cards and earn rewards.": "Al final de cada nivel, tienes la oportunidad de ganar cartas. Completa colecciones con estas cartas y gana recompensas.",
    "Let's play the first battle!": "¡Juguemos la primera batalla!",
	"When it's your turn, you must draw a card. If you exceed 21, you cannot attack. If you hit 21, your damage is doubled!": "Cuando sea tu turno, debes robar una carta. Si superas 21, no puedes atacar. Si alcanzas 21, ¡tu daño se duplica!"
 
	
  },
  "pt": {
    "Ready": "Pronto",
    "Claim": "Resgatar",
    "Collect": "Coletar",
    "Areas": "Áreas",
    "Collection": "Coleção",
    "Home": "Início",
    "Lucky Spin": "Giro da Sorte",
    "Reward": "Recompensa",
    "Rewards": "Recompensas",
    "Puzzles": "Quebra-cabeças",
    "Area": "Área",
    "Level": "Nível",
    "Herbology Classroom": "Sala de Herbologia",
    "Library": "Biblioteca",
    "The Headmaster's Office": "Escritório do Diretor",
    "Castle Garden": "Jardim do Castelo",
    "Puzzle": "Quebra-cabeça",
    "Here is your gift!": "Aqui está seu presente!",
    "Tap to continue": "Toque para continuar",
	"Open packages and get random gifts.": "Abra pacotes e receba presentes aleatórios.",
	"Well Done!": "Bem feito!",
	"Continue": "Continuar",
	"Not enough": "Não é suficiente",
	"Level Failed!": "Nível Falhado!",
	"New Area!": "Nova Área!",
	"Do It": "Faça isso ",
	"Tap to collect.": "Toque para coletar.",
	"Battle": "Batalha",
	"Next Battle": "Próxima Batalha",
	"Abilities": "Habilidades",
	
  "Hit": "Carta",
  "Attack": "Ataque",
  
	
	"Blackjack Mastery": "Maestria no Blackjack",
  "Your Blackjack deals 50 damage instead of 40.": "Seu Blackjack causa 50 de dano em vez de 40.",
  "Lucky Recovery": "Recuperação Afortunada",
  "When you play 16 or 17, restore +5 health.": "Quando você joga 16 ou 17, restaure +5 de saúde.",
  "Vengeful Damage": "Dano Vingativo",
  "Chance to reflect damage back to the opponent. %20": "Chance de refletir o dano de volta para o oponente. %20",
  "Damage Absorption": "Absorção de Dano",
  "Chance to absorb incoming damage. %20": "Chance de absorver o dano recebido. %20",
  "Anger": "Raiva",
  "Increase damage by 5 when playing 15, 16 or 17.": "Aumente o dano em 5 ao jogar 15, 16 ou 17.",
  "Vital Boost": "Impulso Vital",
  "Increase health by 5 when playing 19,20.": "Aumente a saúde em 5 ao jogar 19 ou 20.",
  "Dodge": "Esquiva",
  "If you take 18 or less damage, you have a 50% chance to block all damage.": "Se você sofrer 18 ou menos de dano, há 50% de chance de bloquear todo o dano.",
  "Critical Strike": "Golpe Crítico",
  "Chance to deal double damage. %20": "Chance de causar dano em dobro. %20",
  "Reckless Assault": "Ataque Imprudente",
  "Take 2 damage to deal extra 3 damage.": "Receba 2 de dano para causar 3 de dano extra.",
  
  
  "Welcome! Are you ready to become a fearless pirate?": "Bem-vindo! Está pronto para se tornar um pirata destemido?",
    "Now, let me explain some of the things you can do.": "Agora, deixe-me explicar algumas das coisas que você pode fazer.",
    "Join tournaments and defeat your opponents. The one with the most trophies calls the shots!": "Participe de torneios e derrote seus oponentes. Quem tiver mais troféus dita as regras!",
    "You will constantly receive random tasks. Complete the tasks and earn rewards by finding the specified cards.": "Você receberá tarefas aleatórias constantemente. Complete as tarefas e ganhe recompensas encontrando as cartas especificadas.",
    "You earn 2 stars for completing each level. Collect all the stars to unlock rewards.": "Você ganha 2 estrelas por completar cada nível. Colete todas as estrelas para desbloquear recompensas.",
    "Collect your rewards at regular intervals!": "Colete suas recompensas em intervalos regulares!",
    "Solve the fun puzzles. They help you earn rewards.": "Resolva os quebra-cabeças divertidos. Eles ajudam você a ganhar recompensas.",
    "Don't forget the wheel with amazing rewards!": "Não se esqueça da roda com recompensas incríveis!",
    "You can check the current standings in the tournament and the overall rankings.": "Você pode verificar a classificação atual no torneio e o ranking geral.",
    "At the end of each level, you have a chance to win cards. Complete collections with these cards and earn rewards.": "No final de cada nível, você tem a chance de ganhar cartas. Complete coleções com essas cartas e ganhe recompensas.",
    "Let's play the first battle!": "Vamos jogar a primeira batalha!",
	 "When it's your turn, you must draw a card. If you exceed 21, you cannot attack. If you hit 21, your damage is doubled!": "Quando for a sua vez, você deve comprar uma carta. Se você ultrapassar 21, não poderá atacar. Se acertar 21, seu dano será dobrado!"
  
  }
}
